event,start,end,duration,RMSE,MAE,stars,params,comment
uDreyfus2_nlsr::nlxb_01,15:36:51.632,15:36:51.694,0.062,0.0906,0.0723,**,maxiter = 150,Require hand-made formulas and scaling
uDreyfus2_nlsr::nlxb_02,15:36:51.694,15:36:51.757,0.063,0.1277,0.0987,**,maxiter = 150,Require hand-made formulas and scaling
uDreyfus2_nlsr::nlxb_03,15:36:51.757,15:36:51.804,0.047,0.0906,0.0723,**,maxiter = 150,Require hand-made formulas and scaling
uDreyfus2_nlsr::nlxb_04,15:36:51.804,15:36:51.866,0.062,0.0906,0.0723,**,maxiter = 150,Require hand-made formulas and scaling
uDreyfus2_nlsr::nlxb_05,15:36:51.866,15:36:51.929,0.063,0.0906,0.0723,**,maxiter = 150,Require hand-made formulas and scaling
uDreyfus2_nlsr::nlxb_06,15:36:51.929,15:36:51.976,0.047,0.0906,0.0723,**,maxiter = 150,Require hand-made formulas and scaling
uDreyfus2_nlsr::nlxb_07,15:36:51.976,15:36:52.038,0.062,0.0906,0.0723,**,maxiter = 150,Require hand-made formulas and scaling
uDreyfus2_nlsr::nlxb_08,15:36:52.038,15:36:52.100,0.062,0.0906,0.0723,**,maxiter = 150,Require hand-made formulas and scaling
uDreyfus2_nlsr::nlxb_09,15:36:52.100,15:36:52.147,0.047,0.0906,0.0723,**,maxiter = 150,Require hand-made formulas and scaling
uDreyfus2_nlsr::nlxb_10,15:36:52.147,15:36:52.210,0.063,0.0906,0.0723,**,maxiter = 150,Require hand-made formulas and scaling
uDreyfus2_minpacklm::nlsLM_01,15:46:30.131,15:46:30.147,0.016,0.0906,0.0723,**,maxiter = 150,Require hand-made formulas and scaling
uDreyfus2_minpacklm::nlsLM_02,15:46:30.147,15:46:30.163,0.016,0.0906,0.0723,**,maxiter = 150,Require hand-made formulas and scaling
uDreyfus2_minpacklm::nlsLM_03,15:46:30.178,15:46:30.178,0,0.157,0.1188,**,maxiter = 150,Require hand-made formulas and scaling
uDreyfus2_minpacklm::nlsLM_04,15:46:30.178,15:46:30.178,0,1.6087,1.369,**,maxiter = 150,Require hand-made formulas and scaling
uDreyfus2_minpacklm::nlsLM_05,15:46:30.194,15:46:30.209,0.015,0.1541,0.1173,**,maxiter = 150,Require hand-made formulas and scaling
uDreyfus2_minpacklm::nlsLM_06,15:46:30.209,15:46:30.225,0.016,0.0906,0.0723,**,maxiter = 150,Require hand-made formulas and scaling
uDreyfus2_minpacklm::nlsLM_07,15:46:30.225,15:46:30.241,0.016,0.0906,0.0723,**,maxiter = 150,Require hand-made formulas and scaling
uDreyfus2_minpacklm::nlsLM_08,15:46:30.241,15:46:30.256,0.015,0.157,0.1188,**,maxiter = 150,Require hand-made formulas and scaling
uDreyfus2_minpacklm::nlsLM_09,15:46:30.256,15:46:30.272,0.016,0.0906,0.0723,**,maxiter = 150,Require hand-made formulas and scaling
uDreyfus2_minpacklm::nlsLM_10,15:46:30.272,15:46:30.303,0.031,0.0906,0.0723,**,maxiter = 150,Require hand-made formulas and scaling
uDreyfus2_h2o::h2o.deeplearning_01,15:54:22.542,15:54:23.097,0.555,0.369,0.278,,maxiter=200,Bad on univariate datasets
uDreyfus2_h2o::h2o.deeplearning_02,15:54:23.097,15:54:23.660,0.563,0.352,0.2789,,maxiter=200,Bad on univariate datasets
uDreyfus2_h2o::h2o.deeplearning_03,15:54:23.666,15:54:24.200,0.534,0.3212,0.2593,,maxiter=200,Bad on univariate datasets
uDreyfus2_h2o::h2o.deeplearning_04,15:54:24.200,15:54:24.733,0.533,0.3006,0.2426,,maxiter=200,Bad on univariate datasets
uDreyfus2_h2o::h2o.deeplearning_05,15:54:24.733,15:54:25.272,0.539,0.3224,0.2651,,maxiter=200,Bad on univariate datasets
uDreyfus2_h2o::h2o.deeplearning_06,15:54:25.272,15:54:25.751,0.479,0.3059,0.242,,maxiter=200,Bad on univariate datasets
uDreyfus2_h2o::h2o.deeplearning_07,15:54:25.751,15:54:26.392,0.641,0.2967,0.2382,,maxiter=200,Bad on univariate datasets
uDreyfus2_h2o::h2o.deeplearning_08,15:54:26.392,15:54:26.893,0.501,0.3296,0.2576,,maxiter=200,Bad on univariate datasets
uDreyfus2_h2o::h2o.deeplearning_09,15:54:26.893,15:54:27.457,0.564,0.3543,0.2756,,maxiter=200,Bad on univariate datasets
uDreyfus2_h2o::h2o.deeplearning_10,15:54:27.457,15:54:27.958,0.501,0.2717,0.2102,,maxiter=200,Bad on univariate datasets
uDreyfus2_neuralnet::neuralnet_rprop+_01,18:10:58.180,18:10:58.227,0.047,0.1154,0.0915,,,Erratic on difficult datasets
uDreyfus2_neuralnet::neuralnet_rprop+_02,18:10:58.227,18:10:58.274,0.047,0.1147,0.0909,,,Erratic on difficult datasets
uDreyfus2_neuralnet::neuralnet_rprop+_03,18:10:58.274,18:10:58.492,0.218,0.0936,0.075,,,Erratic on difficult datasets
uDreyfus2_neuralnet::neuralnet_rprop+_04,18:10:58.492,18:10:58.602,0.11,0.0935,0.0748,,,Erratic on difficult datasets
uDreyfus2_neuralnet::neuralnet_rprop+_05,18:10:58.617,18:10:58.789,0.172,0.0943,0.0756,,,Erratic on difficult datasets
uDreyfus2_neuralnet::neuralnet_backprop_01,21:19:14.880,21:19:16.911,2.031,0.1215,0.0963,,,Fails on difficult datasets
uDreyfus2_neuralnet::neuralnet_backprop_02,21:19:16.911,21:19:21.457,4.546,0.0973,0.0767,,,Fails on difficult datasets
uDreyfus2_neuralnet::neuralnet_backprop_03,21:19:21.457,21:19:25.846,4.389,0.0978,0.0772,,,Fails on difficult datasets
uDreyfus2_neuralnet::neuralnet_backprop_04,21:19:25.862,21:19:30.923,5.061,0.0972,0.0765,,,Fails on difficult datasets
uDreyfus2_neuralnet::neuralnet_backprop_05,21:19:30.923,21:19:36.110,5.187,0.0972,0.0766,,,Fails on difficult datasets
uDreyfus2_brnn::brnn_gaussNewton_01,10:21:54.336,10:21:54.336,0,0.0971,0.0776,***,,Different NN
uDreyfus2_brnn::brnn_gaussNewton_02,10:21:54.351,10:21:54.351,0,0.0971,0.0776,***,,Different NN
uDreyfus2_brnn::brnn_gaussNewton_03,10:21:54.367,10:21:54.382,0.015,0.0971,0.0776,***,,Different NN
uDreyfus2_brnn::brnn_gaussNewton_04,10:21:54.382,10:21:54.382,0,0.0971,0.0776,***,,Different NN
uDreyfus2_brnn::brnn_gaussNewton_05,10:21:54.382,10:21:54.398,0.016,0.0971,0.0776,***,,Different NN
uDreyfus2_brnn::brnn_gaussNewton_06,10:21:54.398,10:21:54.414,0.016,0.0971,0.0776,***,,Different NN
uDreyfus2_brnn::brnn_gaussNewton_07,10:21:54.414,10:21:54.414,0,0.0971,0.0776,***,,Different NN
uDreyfus2_brnn::brnn_gaussNewton_08,10:21:54.429,10:21:54.445,0.016,0.0971,0.0776,***,,Different NN
uDreyfus2_brnn::brnn_gaussNewton_09,10:21:54.445,10:21:54.461,0.016,0.0971,0.0776,***,,Different NN
uDreyfus2_brnn::brnn_gaussNewton_10,10:21:54.461,10:21:54.461,0,0.0971,0.0776,***,,Different NN
uDreyfus2_AMORE::train_ADAPTgd_01,13:56:39.978,13:56:40.094,0.116,0.1863,0.1495,*,iter=3500 lr=0.01, Require scaling
uDreyfus2_AMORE::train_ADAPTgd_02,13:56:40.094,13:56:40.211,0.117,0.3387,0.2757,*,iter=3500 lr=0.01, Require scaling
uDreyfus2_AMORE::train_ADAPTgd_03,13:56:40.211,13:56:40.323,0.112,0.1285,0.0999,*,iter=3500 lr=0.01, Require scaling
uDreyfus2_AMORE::train_ADAPTgd_04,13:56:40.333,13:56:40.444,0.111,0.1367,0.1082,*,iter=3500 lr=0.01, Require scaling
uDreyfus2_AMORE::train_ADAPTgd_05,13:56:40.444,13:56:40.596,0.152,0.1756,0.1392,*,iter=3500 lr=0.01, Require scaling
uDreyfus2_AMORE::train_ADAPTgd_06,13:56:40.604,13:56:40.707,0.103,0.3271,0.268,*,iter=3500 lr=0.01, Require scaling
uDreyfus2_AMORE::train_ADAPTgd_07,13:56:40.715,13:56:40.818,0.103,0.1568,0.1181,*,iter=3500 lr=0.01, Require scaling
uDreyfus2_AMORE::train_ADAPTgd_08,13:56:40.826,13:56:40.939,0.113,0.1273,0.1007,*,iter=3500 lr=0.01, Require scaling
uDreyfus2_AMORE::train_ADAPTgd_09,13:56:40.939,13:56:41.050,0.111,0.2255,0.1735,*,iter=3500 lr=0.01, Require scaling
uDreyfus2_AMORE::train_ADAPTgd_10,13:56:41.050,13:56:41.161,0.111,0.1803,0.1332,*,iter=3500 lr=0.01, Require scaling
uDreyfus2_AMORE::train_ADAPTgdwm_01,14:16:43.553,14:16:43.938,0.385,0.1079,0.0862,*,iter=10000 lr=0.009 momentum=0.8 sigmoid,
uDreyfus2_AMORE::train_ADAPTgdwm_02,14:16:43.946,14:16:44.322,0.376,0.1011,0.08,*,iter=10000 lr=0.009 momentum=0.8 sigmoid,
uDreyfus2_AMORE::train_ADAPTgdwm_03,14:16:44.330,14:16:44.717,0.387,0.1007,0.0796,*,iter=10000 lr=0.009 momentum=0.8 sigmoid,
uDreyfus2_AMORE::train_ADAPTgdwm_04,14:16:44.717,14:16:45.100,0.383,0.1011,0.08,*,iter=10000 lr=0.009 momentum=0.8 sigmoid,
uDreyfus2_AMORE::train_ADAPTgdwm_05,14:16:45.100,14:16:45.485,0.385,0.11,0.0873,*,iter=10000 lr=0.009 momentum=0.8 sigmoid,
uDreyfus2_AMORE::train_ADAPTgdwm_06,14:16:45.493,14:16:45.870,0.377,0.1007,0.0796,*,iter=10000 lr=0.009 momentum=0.8 sigmoid,
uDreyfus2_AMORE::train_ADAPTgdwm_07,14:16:45.878,14:16:46.264,0.386,0.1085,0.086,*,iter=10000 lr=0.009 momentum=0.8 sigmoid,
uDreyfus2_AMORE::train_ADAPTgdwm_08,14:16:46.264,14:16:46.648,0.384,0.1002,0.0792,*,iter=10000 lr=0.009 momentum=0.8 sigmoid,
uDreyfus2_AMORE::train_ADAPTgdwm_09,14:16:46.656,14:16:47.029,0.373,0.1079,0.0854,*,iter=10000 lr=0.009 momentum=0.8 sigmoid,
uDreyfus2_AMORE::train_ADAPTgdwm_10,14:16:47.045,14:16:47.451,0.406,0.1006,0.0796,*,iter=10000 lr=0.009 momentum=0.8 sigmoid,
uDreyfus2_AMORE::train_BATCHgd_01,14:36:50.070,14:36:51.095,1.025,0.3695,0.2784,,iter=7500 lr=0.05 sigmoid,vBad and no example
uDreyfus2_AMORE::train_BATCHgd_02,14:36:51.095,14:36:52.142,1.047,0.3697,0.2786,,iter=7500 lr=0.05 sigmoid,Bad and no example
uDreyfus2_AMORE::train_BATCHgd_03,14:36:52.142,14:36:53.197,1.055,0.4213,0.3141,,iter=7500 lr=0.05 sigmoid,Bad and no example
uDreyfus2_AMORE::train_BATCHgd_04,14:36:53.197,14:36:54.277,1.08,0.3707,0.2783,,iter=7500 lr=0.05 sigmoid,Bad and no example
uDreyfus2_AMORE::train_BATCHgd_05,14:36:54.277,14:36:55.323,1.046,0.3692,0.2784,,iter=7500 lr=0.05 sigmoid,Bad and no example
uDreyfus2_AMORE::train_BATCHgdwm_01,15:04:10.217,15:04:12.594,2.377,0.522,0.4294,,iter=9000 lr=0.008 momentum=0.7 tansig,Bad and no example
uDreyfus2_AMORE::train_BATCHgdwm_02,15:04:12.594,15:04:14.968,2.374,0.443,0.3405,,iter=9000 lr=0.008 momentum=0.7 tansig,Bad and no example
uDreyfus2_AMORE::train_BATCHgdwm_03,15:04:14.984,15:04:17.358,2.374,0.4191,0.3132,,iter=9000 lr=0.008 momentum=0.7 tansig,Bad and no example
uDreyfus2_AMORE::train_BATCHgdwm_04,15:04:17.358,15:04:19.729,2.371,0.4679,0.3686,,iter=9000 lr=0.008 momentum=0.7 tansig,Bad and no example
uDreyfus2_AMORE::train_BATCHgdwm_05,15:04:19.729,15:04:22.090,2.361,0.4864,0.39,,iter=9000 lr=0.008 momentum=0.7 tansig,Bad and no example
uDreyfus2_ANN2::neuralnetwork_sgd_01,16:27:45.515,16:27:45.562,0.047,0.2857,0.2208,*,iter=4000 lr=0.01,Require fine tuning
uDreyfus2_ANN2::neuralnetwork_sgd_02,16:27:45.562,16:27:45.624,0.062,0.2612,0.1937,*,iter=4000 lr=0.01,Require fine tuning
uDreyfus2_ANN2::neuralnetwork_sgd_03,16:27:45.624,16:27:45.671,0.047,0.3078,0.2315,*,iter=4000 lr=0.01,Require fine tuning
uDreyfus2_ANN2::neuralnetwork_sgd_04,16:27:45.687,16:27:45.733,0.046,0.3442,0.2737,*,iter=4000 lr=0.01,Require fine tuning
uDreyfus2_ANN2::neuralnetwork_sgd_05,16:27:45.733,16:27:45.780,0.047,0.3251,0.2493,*,iter=4000 lr=0.01,Require fine tuning
uDreyfus2_ANN2::neuralnetwork_sgd_06,16:27:45.780,16:27:45.827,0.047,0.2823,0.2137,*,iter=4000 lr=0.01,Require fine tuning
uDreyfus2_ANN2::neuralnetwork_sgd_07,16:27:45.843,16:27:45.890,0.047,0.2392,0.1812,*,iter=4000 lr=0.01,Require fine tuning
uDreyfus2_ANN2::neuralnetwork_sgd_08,16:27:45.890,16:27:45.937,0.047,0.3529,0.2802,*,iter=4000 lr=0.01,Require fine tuning
uDreyfus2_ANN2::neuralnetwork_sgd_09,16:27:45.937,16:27:45.999,0.062,0.3142,0.2412,*,iter=4000 lr=0.01,Require fine tuning
uDreyfus2_ANN2::neuralnetwork_sgd_10,16:27:45.999,16:27:46.046,0.047,0.3461,0.2739,*,iter=4000 lr=0.01,Require fine tuning
uDreyfus2_ANN2::neuralnetwork_adam_01,16:35:24.384,16:35:24.446,0.062,0.1133,0.0878,*,iter=4000 lr=0.02,Require fine tuning
uDreyfus2_ANN2::neuralnetwork_adam_02,16:35:24.448,16:35:24.505,0.057,0.1053,0.084,*,iter=4000 lr=0.02,Require fine tuning
uDreyfus2_ANN2::neuralnetwork_adam_03,16:35:24.507,16:35:24.562,0.055,0.1037,0.0841,*,iter=4000 lr=0.02,Require fine tuning
uDreyfus2_ANN2::neuralnetwork_adam_04,16:35:24.564,16:35:24.619,0.055,0.1543,0.1246,*,iter=4000 lr=0.02,Require fine tuning
uDreyfus2_ANN2::neuralnetwork_adam_05,16:35:24.621,16:35:24.676,0.055,0.1087,0.0842,*,iter=4000 lr=0.02,Require fine tuning
uDreyfus2_ANN2::neuralnetwork_adam_06,16:35:24.677,16:35:24.733,0.056,0.1279,0.0972,*,iter=4000 lr=0.02,Require fine tuning
uDreyfus2_ANN2::neuralnetwork_adam_07,16:35:24.734,16:35:24.789,0.055,0.0981,0.0767,*,iter=4000 lr=0.02,Require fine tuning
uDreyfus2_ANN2::neuralnetwork_adam_08,16:35:24.790,16:35:24.847,0.057,0.1214,0.0965,*,iter=4000 lr=0.02,Require fine tuning
uDreyfus2_ANN2::neuralnetwork_adam_09,16:35:24.849,16:35:24.904,0.055,0.1018,0.0806,*,iter=4000 lr=0.02,Require fine tuning
uDreyfus2_ANN2::neuralnetwork_adam_10,16:35:24.906,16:35:24.963,0.057,0.1324,0.1054,*,iter=4000 lr=0.02,Require fine tuning
uDreyfus2_ANN2::neuralnetwork_rmsprop_01,16:41:47.543,16:41:47.606,0.063,0.1151,0.0941,,iter=4000 lr=0.03,Erratic
uDreyfus2_ANN2::neuralnetwork_rmsprop_02,16:41:47.606,16:41:47.668,0.062,0.1099,0.09,,iter=4000 lr=0.03,Erratic
uDreyfus2_ANN2::neuralnetwork_rmsprop_03,16:41:47.668,16:41:47.715,0.047,0.1193,0.0972,,iter=4000 lr=0.03,Erratic
uDreyfus2_ANN2::neuralnetwork_rmsprop_04,16:41:47.715,16:41:47.778,0.063,0.1021,0.0812,,iter=4000 lr=0.03,Erratic
uDreyfus2_ANN2::neuralnetwork_rmsprop_05,16:41:47.778,16:41:47.825,0.047,0.1205,0.0991,,iter=4000 lr=0.03,Erratic
uDreyfus2_ANN2::neuralnetwork_rmsprop_06,16:41:47.825,16:41:47.887,0.062,0.1394,0.1146,,iter=4000 lr=0.03,Erratic
uDreyfus2_ANN2::neuralnetwork_rmsprop_07,16:41:47.887,16:41:47.934,0.047,0.1182,0.0967,,iter=4000 lr=0.03,Erratic
uDreyfus2_ANN2::neuralnetwork_rmsprop_08,16:41:47.934,16:41:47.996,0.062,0.1051,0.0853,,iter=4000 lr=0.03,Erratic
uDreyfus2_ANN2::neuralnetwork_rmsprop_09,16:41:47.996,16:41:48.043,0.047,0.2017,0.1563,,iter=4000 lr=0.03,Erratic
uDreyfus2_ANN2::neuralnetwork_rmsprop_10,16:41:48.043,16:41:48.106,0.063,0.1436,0.1211,,iter=4000 lr=0.03,Erratic
uDreyfus2_deepnet::gradientdescent_01,17:29:54.278,17:29:54.387,0.109,0.3069,0.2411,,numepochs=1000,Bad on univariate datasets
uDreyfus2_deepnet::gradientdescent_02,17:29:54.403,17:29:54.512,0.109,0.3269,0.2616,,numepochs=1000,Bad on univariate datasets
uDreyfus2_deepnet::gradientdescent_03,17:29:54.512,17:29:54.622,0.11,0.3192,0.2506,,numepochs=1000,Bad on univariate datasets
uDreyfus2_deepnet::gradientdescent_04,17:29:54.622,17:29:54.731,0.109,0.3448,0.278,,numepochs=1000,Bad on univariate datasets
uDreyfus2_deepnet::gradientdescent_05,17:29:54.747,17:29:54.856,0.109,0.2818,0.217,,numepochs=1000,Bad on univariate datasets
uDreyfus2_deepnet::gradientdescent_06,17:29:54.856,17:29:54.981,0.125,0.3149,0.2476,,numepochs=1000,Bad on univariate datasets
uDreyfus2_deepnet::gradientdescent_07,17:29:54.981,17:29:55.090,0.109,0.2983,0.2308,,numepochs=1000,Bad on univariate datasets
uDreyfus2_deepnet::gradientdescent_08,17:29:55.090,17:29:55.200,0.11,0.2946,0.2294,,numepochs=1000,Bad on univariate datasets
uDreyfus2_deepnet::gradientdescent_09,17:29:55.200,17:29:55.309,0.109,0.279,0.2144,,numepochs=1000,Bad on univariate datasets
uDreyfus2_deepnet::gradientdescent_10,17:29:55.325,17:29:55.434,0.109,0.2843,0.2205,,numepochs=1000,Bad on univariate datasets
uDreyfus2_MachineShop::fit.NNetModel_01,03:19:13.582,03:19:13.582,0,0.1123,0.0901,,maxiter = 150,uses nnet
uDreyfus2_MachineShop::fit.NNetModel_02,03:19:13.582,03:19:13.603,0.021,0.1123,0.0902,,maxiter = 150,uses nnet
uDreyfus2_MachineShop::fit.NNetModel_03,03:19:13.605,03:19:13.611,0.006,0.0906,0.0725,,maxiter = 150,uses nnet
uDreyfus2_MachineShop::fit.NNetModel_04,03:19:13.613,03:19:13.613,0,0.0976,0.0773,,maxiter = 150,uses nnet
uDreyfus2_MachineShop::fit.NNetModel_05,03:19:13.613,03:19:13.613,0,0.0918,0.0739,,maxiter = 150,uses nnet
uDreyfus2_MachineShop::fit.NNetModel_06,03:19:13.613,03:19:13.629,0.016,0.0907,0.0725,,maxiter = 150,uses nnet
uDreyfus2_MachineShop::fit.NNetModel_07,03:19:13.629,03:19:13.629,0,0.0907,0.0726,,maxiter = 150,uses nnet
uDreyfus2_MachineShop::fit.NNetModel_08,03:19:13.629,03:19:13.644,0.015,0.1124,0.0899,,maxiter = 150,uses nnet
uDreyfus2_MachineShop::fit.NNetModel_09,03:19:13.644,03:19:13.644,0,0.0906,0.0725,,maxiter = 150,uses nnet
uDreyfus2_MachineShop::fit.NNetModel_10,03:19:13.660,03:19:13.660,0,0.1064,0.0846,,maxiter = 150,uses nnet
uDreyfus2_momlp::monmlp.fit_BFGS_01,03:20:03.311,03:20:03.467,0.156,0.091,0.0729,,maxiter = 300,uses optimx
uDreyfus2_momlp::monmlp.fit_BFGS_02,03:20:03.468,03:20:03.613,0.145,0.0962,0.0759,,maxiter = 300,uses optimx
uDreyfus2_momlp::monmlp.fit_BFGS_03,03:20:03.613,03:20:03.774,0.161,0.0997,0.0789,,maxiter = 300,uses optimx
uDreyfus2_momlp::monmlp.fit_BFGS_04,03:20:03.775,03:20:03.928,0.153,0.1562,0.1215,,maxiter = 300,uses optimx
uDreyfus2_momlp::monmlp.fit_BFGS_05,03:20:03.928,03:20:04.081,0.153,0.0913,0.073,,maxiter = 300,uses optimx
uDreyfus2_momlp::monmlp.fit_BFGS_06,03:20:04.097,03:20:04.234,0.137,0.0919,0.0729,,maxiter = 300,uses optimx
uDreyfus2_momlp::monmlp.fit_BFGS_07,03:20:04.250,03:20:04.400,0.15,0.0945,0.074,,maxiter = 300,uses optimx
uDreyfus2_momlp::monmlp.fit_BFGS_08,03:20:04.400,03:20:04.550,0.15,0.0913,0.0729,,maxiter = 300,uses optimx
uDreyfus2_momlp::monmlp.fit_BFGS_09,03:20:04.550,03:20:04.692,0.142,0.0961,0.0761,,maxiter = 300,uses optimx
uDreyfus2_momlp::monmlp.fit_BFGS_10,03:20:04.692,03:20:04.850,0.158,0.0926,0.0736,,maxiter = 300,uses optimx
uDreyfus2_momlp::monmlp.fit_Nelder-Mead_01,03:21:08.218,03:21:08.421,0.203,0.2429,0.1903,,maxiter = 10000,uses optimx
uDreyfus2_momlp::monmlp.fit_Nelder-Mead_02,03:21:08.421,03:21:08.617,0.196,0.2978,0.2335,,maxiter = 10000,uses optimx
uDreyfus2_momlp::monmlp.fit_Nelder-Mead_03,03:21:08.633,03:21:08.814,0.181,0.1247,0.1005,,maxiter = 10000,uses optimx
uDreyfus2_momlp::monmlp.fit_Nelder-Mead_04,03:21:08.814,03:21:09.077,0.263,0.2329,0.1765,,maxiter = 10000,uses optimx
uDreyfus2_momlp::monmlp.fit_Nelder-Mead_05,03:21:09.078,03:21:09.275,0.197,0.1626,0.1307,,maxiter = 10000,uses optimx
uDreyfus2_momlp::monmlp.fit_Nelder-Mead_06,03:21:09.290,03:21:09.477,0.187,0.1735,0.1364,,maxiter = 10000,uses optimx
uDreyfus2_momlp::monmlp.fit_Nelder-Mead_07,03:21:09.477,03:21:09.648,0.171,0.2654,0.2163,,maxiter = 10000,uses optimx
uDreyfus2_momlp::monmlp.fit_Nelder-Mead_08,03:21:09.648,03:21:09.828,0.18,0.2311,0.1742,,maxiter = 10000,uses optimx
uDreyfus2_momlp::monmlp.fit_Nelder-Mead_09,03:21:09.828,03:21:10.012,0.184,0.3106,0.2571,,maxiter = 10000,uses optimx
uDreyfus2_momlp::monmlp.fit_Nelder-Mead_10,03:21:10.012,03:21:10.197,0.185,0.2211,0.1678,,maxiter = 10000,uses optimx
uDreyfus2_neural::mlptrain_01,03:42:47.561,03:42:50.482,2.921,1.0574,0.9265,,maxiter = 1000,classification
uDreyfus2_neural::mlptrain_02,03:42:50.484,03:42:53.388,2.904,1.0574,0.927,,maxiter = 1000,classification
uDreyfus2_neural::mlptrain_03,03:42:53.388,03:42:56.300,2.912,1.0574,0.9266,,maxiter = 1000,classification
uDreyfus2_neural::mlptrain_04,03:42:56.300,03:42:59.344,3.044,1.0574,0.9268,,maxiter = 1000,classification
uDreyfus2_neural::mlptrain_05,03:42:59.344,03:43:02.244,2.9,1.0574,0.9267,,maxiter = 1000,classification
uDreyfus2_neuralnet::neuralnet_backprop_01,03:53:06.655,03:53:09.814,3.159,0.0982,0.0777,,,Fails on difficult datasets
uDreyfus2_neuralnet::neuralnet_backprop_02,03:53:09.814,03:53:12.561,2.747,0.0947,0.0752,,,Fails on difficult datasets
uDreyfus2_neuralnet::neuralnet_backprop_03,03:53:12.561,03:53:15.543,2.982,0.0972,0.0765,,,Fails on difficult datasets
uDreyfus2_neuralnet::neuralnet_backprop_04,03:53:15.543,03:53:19.340,3.797,1.6087,1.369,,,Fails on difficult datasets
uDreyfus2_neuralnet::neuralnet_backprop_05,03:53:19.340,03:53:22.393,3.053,0.0975,0.0769,,,Fails on difficult datasets
uDreyfus2_neuralnet::neuralnet_rprop-_01,03:59:11.702,03:59:11.780,0.078,0.0933,0.0745,,,Erratic on multivariate datasets
uDreyfus2_neuralnet::neuralnet_rprop-_02,03:59:11.780,03:59:11.859,0.079,0.0921,0.0726,,,Erratic on multivariate datasets
uDreyfus2_neuralnet::neuralnet_rprop-_03,03:59:11.859,03:59:11.952,0.093,0.0913,0.072,,,Erratic on multivariate datasets
uDreyfus2_neuralnet::neuralnet_rprop-_04,03:59:11.952,03:59:12.062,0.11,0.0913,0.0718,,,Erratic on multivariate datasets
uDreyfus2_neuralnet::neuralnet_rprop-_05,03:59:12.062,03:59:12.124,0.062,0.0938,0.075,,,Erratic on multivariate datasets
uDreyfus2_neuralnet::neuralnet_sag_01,04:12:38.535,04:12:43.588,5.053,1.6087,1.369,,,
uDreyfus2_neuralnet::neuralnet_sag_02,04:12:43.588,04:12:48.495,4.907,1.6087,1.369,,,
uDreyfus2_neuralnet::neuralnet_sag_03,04:12:48.495,04:12:48.755,0.26,0.1602,0.119,,,
uDreyfus2_neuralnet::neuralnet_sag_04,04:12:48.770,04:12:50.750,1.98,0.1458,0.1072,,,
uDreyfus2_neuralnet::neuralnet_sag_05,04:12:50.751,04:12:51.504,0.753,0.1132,0.0897,,,
uDreyfus2_neuralnet::neuralnet_slr_01,04:19:34.514,04:19:34.651,0.137,0.0935,0.075,,,
uDreyfus2_neuralnet::neuralnet_slr_02,04:19:34.653,04:19:34.740,0.087,0.094,0.0755,,,
uDreyfus2_neuralnet::neuralnet_slr_03,04:19:34.741,04:19:34.840,0.099,0.094,0.0755,,,
uDreyfus2_neuralnet::neuralnet_slr_04,04:19:34.841,04:19:34.921,0.08,0.0916,0.0723,,,
uDreyfus2_neuralnet::neuralnet_slr_05,04:19:34.922,04:19:35.094,0.172,0.0938,0.0752,,,
uDreyfus2_neuralnet::neuralnet_rprop+_01,04:24:55.391,04:24:55.588,0.197,0.0929,0.0746,,,Erratic on difficult datasets
uDreyfus2_neuralnet::neuralnet_rprop+_02,04:24:55.589,04:24:55.675,0.086,0.094,0.0754,,,Erratic on difficult datasets
uDreyfus2_neuralnet::neuralnet_rprop+_03,04:24:55.676,04:24:55.779,0.103,0.0914,0.0726,,,Erratic on difficult datasets
uDreyfus2_neuralnet::neuralnet_rprop+_04,04:24:55.780,04:24:55.828,0.048,0.1153,0.0924,,,Erratic on difficult datasets
uDreyfus2_neuralnet::neuralnet_rprop+_05,04:24:55.830,04:24:55.938,0.108,0.0913,0.0718,,,Erratic on difficult datasets
uDreyfus2_nnet::nnet_01,04:25:33.111,04:25:33.115,0.004,0.0907,0.0725,,maxiter = 150,uses optim BFGS
uDreyfus2_nnet::nnet_02,04:25:33.116,04:25:33.121,0.005,0.0907,0.0725,,maxiter = 150,uses optim BFGS
uDreyfus2_nnet::nnet_03,04:25:33.122,04:25:33.127,0.005,0.0927,0.0747,,maxiter = 150,uses optim BFGS
uDreyfus2_nnet::nnet_04,04:25:33.128,04:25:33.133,0.005,0.1123,0.09,,maxiter = 150,uses optim BFGS
uDreyfus2_nnet::nnet_05,04:25:33.134,04:25:33.139,0.005,0.1305,0.1012,,maxiter = 150,uses optim BFGS
uDreyfus2_nnet::nnet_06,04:25:33.140,04:25:33.145,0.005,0.0906,0.0724,,maxiter = 150,uses optim BFGS
uDreyfus2_nnet::nnet_07,04:25:33.146,04:25:33.151,0.005,0.1123,0.09,,maxiter = 150,uses optim BFGS
uDreyfus2_nnet::nnet_08,04:25:33.153,04:25:33.158,0.005,0.0907,0.0725,,maxiter = 150,uses optim BFGS
uDreyfus2_nnet::nnet_09,04:25:33.159,04:25:33.164,0.005,0.0907,0.0725,,maxiter = 150,uses optim BFGS
uDreyfus2_nnet::nnet_10,04:25:33.165,04:25:33.170,0.005,0.0906,0.0724,,maxiter = 150,uses optim BFGS
uDreyfus2_qrnn::qrnn.fit_01,04:26:02.564,04:26:02.770,0.206,0.0958,0.0684,,maxiter = 700,
uDreyfus2_qrnn::qrnn.fit_02,04:26:02.770,04:26:02.977,0.207,0.0958,0.0684,,maxiter = 700,
uDreyfus2_qrnn::qrnn.fit_03,04:26:02.977,04:26:03.168,0.191,0.0956,0.0684,,maxiter = 700,
uDreyfus2_qrnn::qrnn.fit_04,04:26:03.168,04:26:03.527,0.359,0.2874,0.1878,,maxiter = 700,
uDreyfus2_qrnn::qrnn.fit_05,04:26:03.527,04:26:03.723,0.196,0.1009,0.0749,,maxiter = 700,
uDreyfus2_qrnn::qrnn.fit_06,04:26:03.723,04:26:03.903,0.18,0.2866,0.1879,,maxiter = 700,
uDreyfus2_qrnn::qrnn.fit_07,04:26:03.903,04:26:03.978,0.075,0.0956,0.0684,,maxiter = 700,
uDreyfus2_qrnn::qrnn.fit_08,04:26:03.978,04:26:04.084,0.106,0.2694,0.1983,,maxiter = 700,
uDreyfus2_qrnn::qrnn.fit_09,04:26:04.084,04:26:04.270,0.186,0.1003,0.0742,,maxiter = 700,
uDreyfus2_qrnn::qrnn.fit_10,04:26:04.270,04:26:04.486,0.216,0.0958,0.0684,,maxiter = 700,
uDreyfus2_radiantmodel::radiantmodel_01,04:27:36.639,04:27:36.654,0.015,0.091,0.0728,,maxiter=10000 preset,uses nnet
uDreyfus2_radiantmodel::radiantmodel_02,04:27:36.656,04:27:36.679,0.023,0.0906,0.0723,,maxiter=10000 preset,uses nnet
uDreyfus2_radiantmodel::radiantmodel_03,04:27:36.680,04:27:36.697,0.017,0.091,0.0728,,maxiter=10000 preset,uses nnet
uDreyfus2_radiantmodel::radiantmodel_04,04:27:36.699,04:27:36.714,0.015,0.0912,0.073,,maxiter=10000 preset,uses nnet
uDreyfus2_radiantmodel::radiantmodel_05,04:27:36.715,04:27:36.732,0.017,0.0909,0.0727,,maxiter=10000 preset,uses nnet
uDreyfus2_radiantmodel::radiantmodel_06,04:27:36.733,04:27:36.753,0.02,0.0906,0.0723,,maxiter=10000 preset,uses nnet
uDreyfus2_radiantmodel::radiantmodel_07,04:27:36.754,04:27:36.772,0.018,0.091,0.0728,,maxiter=10000 preset,uses nnet
uDreyfus2_radiantmodel::radiantmodel_08,04:27:36.773,04:27:36.794,0.021,0.0906,0.0723,,maxiter=10000 preset,uses nnet
uDreyfus2_radiantmodel::radiantmodel_09,04:27:36.795,04:27:36.813,0.018,0.0906,0.0723,,maxiter=10000 preset,uses nnet
uDreyfus2_radiantmodel::radiantmodel_10,04:27:36.814,04:27:36.849,0.035,0.0906,0.0723,,maxiter=10000 preset,uses nnet
uDreyfus2_rcane::rlm_01,04:27:45.222,04:27:45.222,0,1.6298,1.2982,,maxiter = 1000,linear only
uDreyfus2_rcane::rlm_02,04:27:45.222,04:27:45.222,0,1.6298,1.2982,,maxiter = 1000,linear only
uDreyfus2_rcane::rlm_03,04:27:45.222,04:27:45.237,0.015,1.6298,1.2982,,maxiter = 1000,linear only
uDreyfus2_rcane::rlm_04,04:27:45.237,04:27:45.237,0,1.6298,1.2982,,maxiter = 1000,linear only
uDreyfus2_rcane::rlm_05,04:27:45.237,04:27:45.237,0,1.6298,1.2982,,maxiter = 1000,linear only
uDreyfus2_rcane::rlm_06,04:27:45.237,04:27:45.237,0,1.6298,1.2982,,maxiter = 1000,linear only
uDreyfus2_rcane::rlm_07,04:27:45.237,04:27:45.237,0,1.6298,1.2982,,maxiter = 1000,linear only
uDreyfus2_rcane::rlm_08,04:27:45.237,04:27:45.237,0,1.6298,1.2982,,maxiter = 1000,linear only
uDreyfus2_rcane::rlm_09,04:27:45.253,04:27:45.253,0,1.6298,1.2982,,maxiter = 1000,linear only
uDreyfus2_rcane::rlm_10,04:27:45.253,04:27:45.253,0,1.6298,1.2982,,maxiter = 1000,linear only
uDreyfus2_rminer::fit_01,04:27:58.421,04:27:58.421,0,0.0907,0.0725,,maxiter = 150,
uDreyfus2_rminer::fit_02,04:27:58.421,04:27:58.436,0.015,0.0906,0.0724,,maxiter = 150,
uDreyfus2_rminer::fit_03,04:27:58.436,04:27:58.460,0.024,0.0906,0.0724,,maxiter = 150,
uDreyfus2_rminer::fit_04,04:27:58.462,04:27:58.472,0.01,0.0906,0.0724,,maxiter = 150,
uDreyfus2_rminer::fit_05,04:27:58.472,04:27:58.472,0,0.0906,0.0725,,maxiter = 150,
uDreyfus2_rminer::fit_06,04:27:58.488,04:27:58.488,0,0.0906,0.0724,,maxiter = 150,
uDreyfus2_rminer::fit_07,04:27:58.488,04:27:58.503,0.015,0.0906,0.0725,,maxiter = 150,
uDreyfus2_rminer::fit_08,04:27:58.503,04:27:58.519,0.016,0.0907,0.0724,,maxiter = 150,
uDreyfus2_rminer::fit_09,04:27:58.519,04:27:58.535,0.016,0.0906,0.0724,,maxiter = 150,
uDreyfus2_rminer::fit_10,04:27:58.535,04:27:58.550,0.015,0.0907,0.0724,,maxiter = 150,
uDreyfus2_RSNNS::mlp_BackpropBatch_01,04:32:39.038,04:32:39.908,0.87,0.3123,0.249,,maxiter = 10000,
uDreyfus2_RSNNS::mlp_BackpropBatch_02,04:32:39.924,04:32:40.637,0.713,0.3369,0.2616,,maxiter = 10000,
uDreyfus2_RSNNS::mlp_BackpropBatch_03,04:32:40.638,04:32:41.359,0.721,0.3565,0.2809,,maxiter = 10000,
uDreyfus2_RSNNS::mlp_BackpropBatch_04,04:32:41.359,04:32:42.261,0.902,0.2804,0.2195,,maxiter = 10000,
uDreyfus2_RSNNS::mlp_BackpropBatch_05,04:32:42.277,04:32:43.040,0.763,0.2188,0.1625,,maxiter = 10000,
uDreyfus2_RSNNS::mlp_BackpropBatch_06,04:32:43.042,04:32:43.905,0.863,0.2872,0.2204,,maxiter = 10000,
uDreyfus2_RSNNS::mlp_BackpropBatch_07,04:32:43.905,04:32:44.629,0.724,0.2891,0.2224,,maxiter = 10000,
uDreyfus2_RSNNS::mlp_BackpropBatch_08,04:32:44.630,04:32:45.327,0.697,0.2997,0.2364,,maxiter = 10000,
uDreyfus2_RSNNS::mlp_BackpropBatch_09,04:32:45.327,04:32:46.053,0.726,0.2285,0.1688,,maxiter = 10000,
uDreyfus2_RSNNS::mlp_BackpropBatch_10,04:32:46.053,04:32:46.756,0.703,0.2419,0.1861,,maxiter = 10000,
uDreyfus2_RSNNS::mlp_BackpropChunk_01,04:34:53.872,04:34:53.963,0.091,0.1213,0.0956,,maxiter = 1000,
uDreyfus2_RSNNS::mlp_BackpropChunk_02,04:34:53.963,04:34:54.041,0.078,0.119,0.0938,,maxiter = 1000,
uDreyfus2_RSNNS::mlp_BackpropChunk_03,04:34:54.041,04:34:54.104,0.063,0.1419,0.1151,,maxiter = 1000,
uDreyfus2_RSNNS::mlp_BackpropChunk_04,04:34:54.104,04:34:54.188,0.084,0.1719,0.1228,,maxiter = 1000,
uDreyfus2_RSNNS::mlp_BackpropChunk_05,04:34:54.188,04:34:54.262,0.074,0.1223,0.0969,,maxiter = 1000,
uDreyfus2_RSNNS::mlp_BackpropChunk_06,04:34:54.262,04:34:54.340,0.078,0.1234,0.099,,maxiter = 1000,
uDreyfus2_RSNNS::mlp_BackpropChunk_07,04:34:54.340,04:34:54.418,0.078,0.1691,0.1212,,maxiter = 1000,
uDreyfus2_RSNNS::mlp_BackpropChunk_08,04:34:54.418,04:34:54.512,0.094,0.1757,0.1231,,maxiter = 1000,
uDreyfus2_RSNNS::mlp_BackpropChunk_09,04:34:54.512,04:34:54.601,0.089,0.1275,0.1039,,maxiter = 1000,
uDreyfus2_RSNNS::mlp_BackpropChunk_10,04:34:54.602,04:34:54.678,0.076,0.1728,0.1247,,maxiter = 1000,
uDreyfus2_RSNNS::mlp_BackpropMomentum_01,04:35:31.200,04:35:31.266,0.066,0.1494,0.1187,,maxiter = 1000,
uDreyfus2_RSNNS::mlp_BackpropMomentum_02,04:35:31.282,04:35:31.362,0.08,0.1178,0.0932,,maxiter = 1000,
uDreyfus2_RSNNS::mlp_BackpropMomentum_03,04:35:31.363,04:35:31.435,0.072,0.1779,0.1252,,maxiter = 1000,
uDreyfus2_RSNNS::mlp_BackpropMomentum_04,04:35:31.435,04:35:31.513,0.078,0.1234,0.0998,,maxiter = 1000,
uDreyfus2_RSNNS::mlp_BackpropMomentum_05,04:35:31.513,04:35:31.588,0.075,0.1719,0.1264,,maxiter = 1000,
uDreyfus2_RSNNS::mlp_BackpropMomentum_06,04:35:31.590,04:35:31.667,0.077,0.1221,0.0967,,maxiter = 1000,
uDreyfus2_RSNNS::mlp_BackpropMomentum_07,04:35:31.669,04:35:31.741,0.072,0.1689,0.1203,,maxiter = 1000,
uDreyfus2_RSNNS::mlp_BackpropMomentum_08,04:35:31.742,04:35:31.820,0.078,0.1207,0.096,,maxiter = 1000,
uDreyfus2_RSNNS::mlp_BackpropMomentum_09,04:35:31.821,04:35:31.897,0.076,0.1231,0.0986,,maxiter = 1000,
uDreyfus2_RSNNS::mlp_BackpropMomentum_10,04:35:31.899,04:35:31.972,0.073,0.1236,0.0977,,maxiter = 1000,
uDreyfus2_RSNNS::mlp_BackpropWeightDecay_01,04:36:09.112,04:36:09.190,0.078,0.1746,0.126,,maxiter = 1000,
uDreyfus2_RSNNS::mlp_BackpropWeightDecay_02,04:36:09.190,04:36:09.268,0.078,0.1744,0.1231,,maxiter = 1000,
uDreyfus2_RSNNS::mlp_BackpropWeightDecay_03,04:36:09.268,04:36:09.346,0.078,0.176,0.124,,maxiter = 1000,
uDreyfus2_RSNNS::mlp_BackpropWeightDecay_04,04:36:09.346,04:36:09.428,0.082,0.1266,0.1026,,maxiter = 1000,
uDreyfus2_RSNNS::mlp_BackpropWeightDecay_05,04:36:09.428,04:36:09.515,0.087,0.1691,0.1211,,maxiter = 1000,
uDreyfus2_RSNNS::mlp_BackpropWeightDecay_06,04:36:09.515,04:36:09.582,0.067,0.1774,0.1264,,maxiter = 1000,
uDreyfus2_RSNNS::mlp_BackpropWeightDecay_07,04:36:09.582,04:36:09.660,0.078,0.1299,0.1029,,maxiter = 1000,
uDreyfus2_RSNNS::mlp_BackpropWeightDecay_08,04:36:09.676,04:36:09.738,0.062,0.1254,0.0999,,maxiter = 1000,
uDreyfus2_RSNNS::mlp_BackpropWeightDecay_09,04:36:09.738,04:36:09.829,0.091,0.1725,0.1248,,maxiter = 1000,
uDreyfus2_RSNNS::mlp_BackpropWeightDecay_10,04:36:09.829,04:36:10.060,0.231,0.1713,0.1235,,maxiter = 1000,
uDreyfus2_RSNNS::mlp_Quickprop_01,04:41:00.246,04:41:00.945,0.699,0.2511,0.1937,,maxiter = 10000,
uDreyfus2_RSNNS::mlp_Quickprop_02,04:41:00.945,04:41:01.709,0.764,0.3836,0.2576,,maxiter = 10000,
uDreyfus2_RSNNS::mlp_Quickprop_03,04:41:01.710,04:41:02.424,0.714,0.2492,0.1911,,maxiter = 10000,
uDreyfus2_RSNNS::mlp_Quickprop_04,04:41:02.424,04:41:03.145,0.721,0.1817,0.1506,,maxiter = 10000,
uDreyfus2_RSNNS::mlp_Quickprop_05,04:41:03.145,04:41:04.025,0.88,0.3066,0.2457,,maxiter = 10000,
uDreyfus2_RSNNS::mlp_Quickprop_06,04:41:04.026,04:41:04.750,0.724,0.3134,0.2417,,maxiter = 10000,
uDreyfus2_RSNNS::mlp_Quickprop_07,04:41:04.751,04:41:05.452,0.701,0.2496,0.1917,,maxiter = 10000,
uDreyfus2_RSNNS::mlp_Quickprop_08,04:41:05.452,04:41:06.168,0.716,0.249,0.1909,,maxiter = 10000,
uDreyfus2_RSNNS::mlp_Quickprop_09,04:41:06.168,04:41:06.899,0.731,0.3066,0.2457,,maxiter = 10000,
uDreyfus2_RSNNS::mlp_Quickprop_10,04:41:06.899,04:41:07.769,0.87,0.2491,0.191,,maxiter = 10000,
uDreyfus2_RSNNS::mlp_Rprop_01,04:43:23.422,04:43:23.500,0.078,0.1608,0.1222,,maxiter = 1000,
uDreyfus2_RSNNS::mlp_Rprop_02,04:43:23.500,04:43:23.578,0.078,0.1123,0.0886,,maxiter = 1000,
uDreyfus2_RSNNS::mlp_Rprop_03,04:43:23.578,04:43:23.656,0.078,0.1252,0.1006,,maxiter = 1000,
uDreyfus2_RSNNS::mlp_Rprop_04,04:43:23.656,04:43:23.734,0.078,0.1122,0.0886,,maxiter = 1000,
uDreyfus2_RSNNS::mlp_Rprop_05,04:43:23.734,04:43:23.813,0.079,0.1139,0.0901,,maxiter = 1000,
uDreyfus2_RSNNS::mlp_Rprop_06,04:43:23.813,04:43:23.891,0.078,0.2314,0.1855,,maxiter = 1000,
uDreyfus2_RSNNS::mlp_Rprop_07,04:43:23.891,04:43:23.953,0.062,0.2316,0.1858,,maxiter = 1000,
uDreyfus2_RSNNS::mlp_Rprop_08,04:43:23.953,04:43:24.047,0.094,0.1253,0.0954,,maxiter = 1000,
uDreyfus2_RSNNS::mlp_Rprop_09,04:43:24.047,04:43:24.120,0.073,0.1227,0.1004,,maxiter = 1000,
uDreyfus2_RSNNS::mlp_Rprop_10,04:43:24.122,04:43:24.200,0.078,0.1197,0.0934,,maxiter = 1000,
uDreyfus2_RSNNS::mlp_SCG_01,04:44:17.483,04:44:17.608,0.125,0.1363,0.1106,,maxiter = 1000,
uDreyfus2_RSNNS::mlp_SCG_02,04:44:17.609,04:44:17.717,0.108,0.2131,0.162,,maxiter = 1000,
uDreyfus2_RSNNS::mlp_SCG_03,04:44:17.718,04:44:17.802,0.084,0.2076,0.1571,,maxiter = 1000,
uDreyfus2_RSNNS::mlp_SCG_04,04:44:17.803,04:44:17.894,0.091,0.2029,0.1544,,maxiter = 1000,
uDreyfus2_RSNNS::mlp_SCG_05,04:44:17.896,04:44:17.994,0.098,0.196,0.1484,,maxiter = 1000,
uDreyfus2_RSNNS::mlp_SCG_06,04:44:17.995,04:44:18.105,0.11,0.1418,0.1145,,maxiter = 1000,
uDreyfus2_RSNNS::mlp_SCG_07,04:44:18.106,04:44:18.214,0.108,0.1208,0.0965,,maxiter = 1000,
uDreyfus2_RSNNS::mlp_SCG_08,04:44:18.215,04:44:18.325,0.11,0.1227,0.0979,,maxiter = 1000,
uDreyfus2_RSNNS::mlp_SCG_09,04:44:18.326,04:44:18.441,0.115,0.1203,0.0965,,maxiter = 1000,
uDreyfus2_RSNNS::mlp_SCG_10,04:44:18.441,04:44:18.535,0.094,0.1605,0.1245,,maxiter = 1000,
uDreyfus2_RSNNS::mlp_Std_Backpropagation_01,04:45:00.884,04:45:00.946,0.062,0.1706,0.1241,,maxiter = 1000,
uDreyfus2_RSNNS::mlp_Std_Backpropagation_02,04:45:00.946,04:45:01.036,0.09,0.172,0.122,,maxiter = 1000,
uDreyfus2_RSNNS::mlp_Std_Backpropagation_03,04:45:01.037,04:45:01.100,0.063,0.1691,0.1222,,maxiter = 1000,
uDreyfus2_RSNNS::mlp_Std_Backpropagation_04,04:45:01.100,04:45:01.178,0.078,0.1742,0.1237,,maxiter = 1000,
uDreyfus2_RSNNS::mlp_Std_Backpropagation_05,04:45:01.178,04:45:01.256,0.078,0.1702,0.1214,,maxiter = 1000,
uDreyfus2_RSNNS::mlp_Std_Backpropagation_06,04:45:01.256,04:45:01.334,0.078,0.1735,0.125,,maxiter = 1000,
uDreyfus2_RSNNS::mlp_Std_Backpropagation_07,04:45:01.334,04:45:01.412,0.078,0.1705,0.124,,maxiter = 1000,
uDreyfus2_RSNNS::mlp_Std_Backpropagation_08,04:45:01.412,04:45:01.487,0.075,0.1199,0.095,,maxiter = 1000,
uDreyfus2_RSNNS::mlp_Std_Backpropagation_09,04:45:01.487,04:45:01.575,0.088,0.1685,0.1212,,maxiter = 1000,
uDreyfus2_RSNNS::mlp_Std_Backpropagation_10,04:45:01.577,04:45:01.655,0.078,0.1751,0.125,,maxiter = 1000,
uDreyfus2_simpleNeural::sN.MLPtrain_01,04:49:35.107,04:49:35.261,0.154,0.4931,0.3545,,maxiter = 1000,for bi- or multiclass classification
uDreyfus2_simpleNeural::sN.MLPtrain_02,04:49:35.263,04:49:35.410,0.147,0.4931,0.3545,,maxiter = 1000,for bi- or multiclass classification
uDreyfus2_simpleNeural::sN.MLPtrain_03,04:49:35.425,04:49:35.573,0.148,0.4931,0.3545,,maxiter = 1000,for bi- or multiclass classification
uDreyfus2_simpleNeural::sN.MLPtrain_04,04:49:35.573,04:49:35.719,0.146,0.4931,0.3545,,maxiter = 1000,for bi- or multiclass classification
uDreyfus2_simpleNeural::sN.MLPtrain_05,04:49:35.735,04:49:35.878,0.143,0.4931,0.3545,,maxiter = 1000,for bi- or multiclass classification
uDreyfus2_simpleNeural::sN.MLPtrain_06,04:49:35.878,04:49:36.029,0.151,0.4931,0.3545,,maxiter = 1000,for bi- or multiclass classification
uDreyfus2_simpleNeural::sN.MLPtrain_07,04:49:36.029,04:49:36.195,0.166,0.4931,0.3545,,maxiter = 1000,for bi- or multiclass classification
uDreyfus2_simpleNeural::sN.MLPtrain_08,04:49:36.195,04:49:36.351,0.156,0.4931,0.3545,,maxiter = 1000,for bi- or multiclass classification
uDreyfus2_simpleNeural::sN.MLPtrain_09,04:49:36.351,04:49:36.491,0.14,0.4931,0.3545,,maxiter = 1000,for bi- or multiclass classification
uDreyfus2_simpleNeural::sN.MLPtrain_10,04:49:36.491,04:49:36.654,0.163,0.4931,0.3545,,maxiter = 1000,for bi- or multiclass classification
uDreyfus2_snnR::snnR_01,04:49:59.886,04:49:59.896,0.01,0.3837,0.2773,,maxiter = 200,better on multi
uDreyfus2_snnR::snnR_02,04:49:59.898,04:49:59.907,0.009,0.3837,0.2773,,maxiter = 200,better on multi
uDreyfus2_snnR::snnR_03,04:49:59.908,04:49:59.923,0.015,0.3837,0.2773,,maxiter = 200,better on multi
uDreyfus2_snnR::snnR_04,04:49:59.924,04:49:59.933,0.009,0.3837,0.2773,,maxiter = 200,better on multi
uDreyfus2_snnR::snnR_05,04:49:59.934,04:49:59.941,0.007,0.3837,0.2773,,maxiter = 200,better on multi
uDreyfus2_snnR::snnR_06,04:49:59.943,04:49:59.958,0.015,0.3837,0.2773,,maxiter = 200,better on multi
uDreyfus2_snnR::snnR_07,04:49:59.959,04:49:59.967,0.008,0.3837,0.2773,,maxiter = 200,better on multi
uDreyfus2_snnR::snnR_08,04:49:59.968,04:49:59.977,0.009,0.3837,0.2773,,maxiter = 200,better on multi
uDreyfus2_snnR::snnR_09,04:49:59.978,04:49:59.993,0.015,0.3837,0.2773,,maxiter = 200,better on multi
uDreyfus2_snnR::snnR_10,04:49:59.995,04:50:00.008,0.013,0.3837,0.2773,,maxiter = 200,better on multi
uDreyfus2_softmaxreg::softmaxreg_01,04:50:01.825,04:50:01.825,0,1.6087,1.369,,maxiter = 1000,
uDreyfus2_softmaxreg::softmaxreg_02,04:50:01.825,04:50:01.825,0,1.6087,1.369,,maxiter = 1000,
uDreyfus2_softmaxreg::softmaxreg_03,04:50:01.825,04:50:01.825,0,1.6087,1.369,,maxiter = 1000,
uDreyfus2_softmaxreg::softmaxreg_04,04:50:01.825,04:50:01.825,0,1.6087,1.369,,maxiter = 1000,
uDreyfus2_softmaxreg::softmaxreg_05,04:50:01.825,04:50:01.825,0,1.6087,1.369,,maxiter = 1000,
uDreyfus2_softmaxreg::softmaxreg_06,04:50:01.825,04:50:01.825,0,1.6087,1.369,,maxiter = 1000,
uDreyfus2_softmaxreg::softmaxreg_07,04:50:01.825,04:50:01.841,0.016,1.6087,1.369,,maxiter = 1000,
uDreyfus2_softmaxreg::softmaxreg_08,04:50:01.841,04:50:01.841,0,1.6087,1.369,,maxiter = 1000,
uDreyfus2_softmaxreg::softmaxreg_09,04:50:01.841,04:50:01.841,0,1.6087,1.369,,maxiter = 1000,
uDreyfus2_softmaxreg::softmaxreg_10,04:50:01.841,04:50:01.841,0,1.6087,1.369,,maxiter = 1000,
uDreyfus2_tsensembler::tsensembler_01,04:51:01.642,04:51:01.716,0.074,0.1539,0.1115,,maxiter = 150,uses nnet
uDreyfus2_tsensembler::tsensembler_02,04:51:01.717,04:51:01.780,0.063,0.1539,0.1115,,maxiter = 150,uses nnet
uDreyfus2_tsensembler::tsensembler_03,04:51:01.780,04:51:01.862,0.082,0.1539,0.1115,,maxiter = 150,uses nnet
uDreyfus2_tsensembler::tsensembler_04,04:51:01.863,04:51:01.942,0.079,0.1539,0.1115,,maxiter = 150,uses nnet
uDreyfus2_tsensembler::tsensembler_05,04:51:01.943,04:51:01.984,0.041,0.1542,0.1118,,maxiter = 150,uses nnet
uDreyfus2_tsensembler::tsensembler_06,04:51:02.000,04:51:02.071,0.071,0.1539,0.1115,,maxiter = 150,uses nnet
uDreyfus2_tsensembler::tsensembler_07,04:51:02.072,04:51:02.110,0.038,0.1534,0.1112,,maxiter = 150,uses nnet
uDreyfus2_tsensembler::tsensembler_08,04:51:02.110,04:51:02.160,0.05,0.1539,0.1115,,maxiter = 150,uses nnet
uDreyfus2_tsensembler::tsensembler_09,04:51:02.160,04:51:02.232,0.072,0.153,0.1109,,maxiter = 150,uses nnet
uDreyfus2_tsensembler::tsensembler_10,04:51:02.232,04:51:02.310,0.078,0.1539,0.1115,,maxiter = 150,uses nnet
uDreyfus2_validann::ann_BFGS_01,04:53:40.599,04:53:40.831,0.232,0.0906,0.0724,,maxiter = 200,optim
uDreyfus2_validann::ann_BFGS_02,04:53:40.847,04:53:41.192,0.345,0.0906,0.0725,,maxiter = 200,optim
uDreyfus2_validann::ann_BFGS_03,04:53:41.192,04:53:41.490,0.298,0.1123,0.0901,,maxiter = 200,optim
uDreyfus2_validann::ann_BFGS_04,04:53:41.490,04:53:41.878,0.388,0.0913,0.0723,,maxiter = 200,optim
uDreyfus2_validann::ann_BFGS_05,04:53:41.879,04:53:42.125,0.246,0.1123,0.0901,,maxiter = 200,optim
uDreyfus2_validann::ann_BFGS_06,04:53:42.127,04:53:42.363,0.236,0.0906,0.0724,,maxiter = 200,optim
uDreyfus2_validann::ann_BFGS_07,04:53:42.364,04:53:42.733,0.369,0.0906,0.0725,,maxiter = 200,optim
uDreyfus2_validann::ann_BFGS_08,04:53:42.734,04:53:43.101,0.367,0.0906,0.0724,,maxiter = 200,optim
uDreyfus2_validann::ann_BFGS_09,04:53:43.102,04:53:43.454,0.352,0.0906,0.0724,,maxiter = 200,optim
uDreyfus2_validann::ann_BFGS_10,04:53:43.469,04:53:43.836,0.367,0.0906,0.0724,,maxiter = 200,optim
uDreyfus2_validann::ann_CG_01,05:05:06.687,05:05:09.234,2.547,0.0912,0.0728,,maxiter = 1000,optim
uDreyfus2_validann::ann_CG_02,05:05:09.234,05:05:11.764,2.53,0.0933,0.0739,,maxiter = 1000,optim
uDreyfus2_validann::ann_CG_03,05:05:11.764,05:05:14.326,2.562,0.0912,0.0729,,maxiter = 1000,optim
uDreyfus2_validann::ann_CG_04,05:05:14.326,05:05:16.853,2.527,0.0908,0.0726,,maxiter = 1000,optim
uDreyfus2_validann::ann_CG_05,05:05:16.854,05:05:19.373,2.519,0.0919,0.0731,,maxiter = 1000,optim
uDreyfus2_validann::ann_CG_06,05:05:19.389,05:05:21.899,2.51,0.0916,0.0731,,maxiter = 1000,optim
uDreyfus2_validann::ann_CG_07,05:05:21.900,05:05:24.555,2.655,0.0911,0.073,,maxiter = 1000,optim
uDreyfus2_validann::ann_CG_08,05:05:24.555,05:05:27.043,2.488,0.0918,0.0732,,maxiter = 1000,optim
uDreyfus2_validann::ann_CG_09,05:05:27.044,05:05:29.561,2.517,0.0919,0.0734,,maxiter = 1000,optim
uDreyfus2_validann::ann_CG_10,05:05:29.561,05:05:32.110,2.549,0.0912,0.073,,maxiter = 1000,optim
uDreyfus2_validann::ann_L-BFGS-B_01,05:09:56.152,05:09:56.551,0.399,0.1575,0.1188,,maxiter = 200,optim
uDreyfus2_validann::ann_L-BFGS-B_02,05:09:56.551,05:09:56.973,0.422,0.0975,0.0791,,maxiter = 200,optim
uDreyfus2_validann::ann_L-BFGS-B_03,05:09:56.973,05:09:57.390,0.417,0.0913,0.0729,,maxiter = 200,optim
uDreyfus2_validann::ann_L-BFGS-B_04,05:09:57.390,05:09:57.822,0.432,0.0943,0.0737,,maxiter = 200,optim
uDreyfus2_validann::ann_L-BFGS-B_05,05:09:57.824,05:09:58.235,0.411,0.147,0.1057,,maxiter = 200,optim
uDreyfus2_validann::ann_L-BFGS-B_06,05:09:58.236,05:09:58.661,0.425,0.0917,0.0721,,maxiter = 200,optim
uDreyfus2_validann::ann_L-BFGS-B_07,05:09:58.663,05:09:59.075,0.412,0.1127,0.0905,,maxiter = 200,optim
uDreyfus2_validann::ann_L-BFGS-B_08,05:09:59.077,05:09:59.518,0.441,0.0978,0.0768,,maxiter = 200,optim
uDreyfus2_validann::ann_L-BFGS-B_09,05:09:59.518,05:09:59.938,0.42,0.1161,0.0925,,maxiter = 200,optim
uDreyfus2_validann::ann_L-BFGS-B_10,05:09:59.938,05:10:00.345,0.407,0.1123,0.09,,maxiter = 200,optim
uDreyfus2_validann::ann_Nelder-Mead_01,05:12:17.525,05:12:18.004,0.479,0.1793,0.1405,,maxiter = 10000,optim
uDreyfus2_validann::ann_Nelder-Mead_02,05:12:18.005,05:12:18.407,0.402,0.2873,0.2353,,maxiter = 10000,optim
uDreyfus2_validann::ann_Nelder-Mead_03,05:12:18.408,05:12:18.622,0.214,0.1895,0.1459,,maxiter = 10000,optim
uDreyfus2_validann::ann_Nelder-Mead_04,05:12:18.624,05:12:18.850,0.226,0.2458,0.1946,,maxiter = 10000,optim
uDreyfus2_validann::ann_Nelder-Mead_05,05:12:18.852,05:12:19.299,0.447,0.2862,0.236,,maxiter = 10000,optim
uDreyfus2_validann::ann_Nelder-Mead_06,05:12:19.300,05:12:19.781,0.481,0.1504,0.1107,,maxiter = 10000,optim
uDreyfus2_validann::ann_Nelder-Mead_07,05:12:19.782,05:12:20.084,0.302,0.2502,0.1911,,maxiter = 10000,optim
uDreyfus2_validann::ann_Nelder-Mead_08,05:12:20.086,05:12:20.327,0.241,0.2963,0.2378,,maxiter = 10000,optim
uDreyfus2_validann::ann_Nelder-Mead_09,05:12:20.329,05:12:20.782,0.453,0.231,0.1857,,maxiter = 10000,optim
uDreyfus2_validann::ann_Nelder-Mead_10,05:12:20.783,05:12:21.407,0.624,0.2862,0.2351,,maxiter = 10000,optim
uDreyfus2_validann::ann_SANN_01,05:14:35.314,05:14:36.220,0.906,1.0309,0.9216,,maxiter = 10000,optim
uDreyfus2_validann::ann_SANN_02,05:14:36.221,05:14:37.126,0.905,1.1321,1.019,,maxiter = 10000,optim
uDreyfus2_validann::ann_SANN_03,05:14:37.128,05:14:38.055,0.927,1.0659,0.9328,,maxiter = 10000,optim
uDreyfus2_validann::ann_SANN_04,05:14:38.057,05:14:39.854,1.797,0.9322,0.8534,,maxiter = 10000,optim
uDreyfus2_validann::ann_SANN_05,05:14:39.854,05:14:40.772,0.918,1.0344,0.9239,,maxiter = 10000,optim
uDreyfus2_validann::ann_SANN_06,05:14:40.773,05:14:41.679,0.906,1.0763,0.9544,,maxiter = 10000,optim
uDreyfus2_validann::ann_SANN_07,05:14:41.681,05:14:42.589,0.908,1.0985,0.9102,,maxiter = 10000,optim
uDreyfus2_validann::ann_SANN_08,05:14:42.589,05:14:43.465,0.876,0.8435,0.7229,,maxiter = 10000,optim
uDreyfus2_validann::ann_SANN_09,05:14:43.481,05:14:44.371,0.89,0.9967,0.8601,,maxiter = 10000,optim
uDreyfus2_validann::ann_SANN_10,05:14:44.386,05:14:45.285,0.899,1.0301,0.9479,,maxiter = 10000,optim
